Invoice Number,Invoice Period,Invoice Date,Task ID,Task Heading,Description,Hours,Hourly Rate,Amount
December 2025 Invoice,December 12-31 2025,December 31 2025,INV-001,Booking Extension System - Backend Service,"implemented/extended booking extension service (ExtensionRequestService.ts), including calculation logic, conflict detection, box reassignment handling, extension tracking fields integration, and transaction management improvements during the invoice period.",8,150,1200
December 2025 Invoice,December 12-31 2025,December 31 2025,INV-002,Booking Extension API Endpoints,"implemented and refined booking extension endpoints (/api/bookings/[bookingId]/extend) including GET pre-calculation and POST request flows, validation, and payment-intent integration updates during the invoice period.",5,150,750
December 2025 Invoice,December 12-31 2025,December 31 2025,INV-003,Booking Extension UI Component,"developed and iterated on ExtendBookingModal.tsx, including date/time selection, real-time cost calculation, validation, error handling, and payment flow integration refinements.",6,150,900
December 2025 Invoice,December 12-31 2025,December 31 2025,INV-004,Location Pricing Service,"implemented and refined LocationPricingService.ts for weekly location-based pricing, including week calculation, pricing retrieval, and CRUD logic improvements during the invoice period.",4,150,600
December 2025 Invoice,December 12-31 2025,December 31 2025,INV-005,Location Pricing API,"implemented and refined pricing management API routes (/api/distributor/admin/pricing), including CRUD operations, validation, and error handling updates during the invoice period.",3,150,450
December 2025 Invoice,December 12-31 2025,December 31 2025,INV-006,Database Schema Updates,"updated Prisma schema to support extension tracking (original_end_date, extension_count, last_extended_at) and location pricing, including alignment and follow-up adjustments during the invoice period.",2,150,300
December 2025 Invoice,December 12-31 2025,December 31 2025,INV-007,Payment Processing Enhancements,"enhanced payment processing to support extension payments, including metadata handling and payment intent creation improvements for extension flows.",2,150,300
December 2025 Invoice,December 12-31 2025,December 31 2025,INV-008,Distributor Admin Panel - Locations Management,"worked on distributor admin locations management in AdminSection.tsx, including implementing/refining create/edit/delete flows, image upload handling, status controls, and location listing UX during the invoice period.",6,150,900
December 2025 Invoice,December 12-31 2025,December 31 2025,INV-009,Distributor Admin API - Locations,"implemented/refined locations admin API routes (/api/distributor/admin/locations), including image upload handling with Supabase storage integration and validation/error handling improvements.",4,150,600
December 2025 Invoice,December 12-31 2025,December 31 2025,INV-010,Distributor Admin Panel - Stands Management,"worked on stands management UI, including capacity handling, location association, box count tracking, and CRUD workflows; iterated on behavior and validation during the invoice period.",5,150,750
December 2025 Invoice,December 12-31 2025,December 31 2025,INV-011,Distributor Admin API - Stands,"implemented/refined stands admin API endpoints (/api/distributor/admin/stands), including validation and relationship handling updates during the invoice period.",3,150,450
December 2025 Invoice,December 12-31 2025,December 31 2025,INV-012,Distributor Admin Panel - Boxes Management,"worked on boxes management UI, including model selection, status management, compartment assignment, stand association, and inventory tracking; continued improvements and fixes during the invoice period.",6,150,900
December 2025 Invoice,December 12-31 2025,December 31 2025,INV-013,Distributor Admin API - Boxes,"implemented/refined boxes admin API routes (/api/distributor/admin/boxes) with validation and status update handling during the invoice period.",3,150,450
December 2025 Invoice,December 12-31 2025,December 31 2025,INV-014,Booking Status Service Refactoring,"refactored BookingStatusService.ts for better organization, added batch status update support, and improved status calculation logic during the invoice period.",3,150,450
December 2025 Invoice,December 12-31 2025,December 31 2025,INV-015,Distributor Dashboard Statistics Service,"developed and iterated on DashboardStatisticsService.ts to support distributor dashboard metrics (active stands, monthly rentals, earnings, contract status, inventory/bookings, stands overview, locations overview), including debugging and alignment with schema/enums.",10,150,1500
December 2025 Invoice,December 12-31 2025,December 31 2025,INV-016,Distributor Dashboard API Endpoints,"implemented/refined dashboard API endpoints including stats (/api/distributor/dashboard/stats), inventory (/api/distributor/dashboard/inventory), and stands overview (/api/distributor/dashboard/stands) during the invoice period.",4,150,600
December 2025 Invoice,December 12-31 2025,December 31 2025,INV-017,Distributor Dashboard UI Component,"worked on distributor dashboard UI (DashboardSection.tsx), including statistics cards, charts, inventory tables, stands overview, revenue tracking, and data-refresh behavior; refined presentation and edge-case handling.",8,150,1200
December 2025 Invoice,December 12-31 2025,December 31 2025,INV-018,Rental Statistics Service,"implemented and refined RentalStatisticsService.ts for booking analytics, revenue calculations, occupancy rates, and performance metrics during the invoice period.",5,150,750
December 2025 Invoice,December 12-31 2025,December 31 2025,INV-019,Performance Comparison Service,"implemented and refined PerformanceComparisonService.ts for comparing metrics across time periods and locations, including follow-up adjustments during the invoice period.",3,150,450
December 2025 Invoice,December 12-31 2025,December 31 2025,INV-020,Customer Dashboard - Bookings Section,"worked on customer bookings dashboard (BookingsSection.tsx), including booking list + filtering, status presentation, extension/return flows integration, and booking details modal; continued refinement and bug-fixing during the invoice period.",8,150,1200
December 2025 Invoice,December 12-31 2025,December 31 2025,INV-021,Customer Dashboard - Payments Section,"implemented/refined PaymentsSection.tsx with payment history, transaction details, invoice generation, and payment status tracking updates during the invoice period.",4,150,600
December 2025 Invoice,December 12-31 2025,December 31 2025,INV-022,Customer Dashboard - Profile Section,"implemented/refined ProfileSection.tsx for user profile management, account settings, and personal information updates during the invoice period.",3,150,450
December 2025 Invoice,December 12-31 2025,December 31 2025,INV-023,Customer Dashboard - Notifications Section,"implemented/refined NotificationsSection.tsx for displaying notifications, marking as read, and notification management behavior during the invoice period.",2,150,300
December 2025 Invoice,December 12-31 2025,December 31 2025,INV-024,Customer Dashboard - Settings Section,"implemented/refined SettingsSection.tsx for user preferences, notification settings, and account configuration during the invoice period.",4,150,600
December 2025 Invoice,December 12-31 2025,December 31 2025,INV-025,Customer Dashboard - Dashboard Section,"developed and refined customer dashboard overview (DashboardSection.tsx), including overview stats, recent bookings, quick actions, and summary cards during the invoice period.",5,150,750
December 2025 Invoice,December 12-31 2025,December 31 2025,INV-026,Customer API Endpoints,"enhanced customer API routes (/api/customer/bookings, /api/customer/notifications) with improved filtering, pagination, and data formatting during the invoice period.",4,150,600
December 2025 Invoice,December 12-31 2025,December 31 2025,TOTAL,Total Hours for December 2025,,120,150,18000
January 2026 Invoice,January 1-25 2026,January 31 2026,INV-027,Distributor Inventory Service,"Implemented BoxInventoryService.ts (485+ lines) for comprehensive box inventory management, status tracking, location management, and availability calculations.",4,150,600
January 2026 Invoice,January 1-25 2026,January 31 2026,INV-028,Distributor Inventory API,"Created inventory API endpoints (/api/distributor/inventory) with box status updates, location changes, and inventory queries.",2,150,300
January 2026 Invoice,January 1-25 2026,January 31 2026,INV-029,Distributor Booking Service,"Developed DistributorBookingService.ts (332+ lines) for managing bookings from distributor perspective, booking reassignment, status updates, and booking queries.",3,150,450
January 2026 Invoice,January 1-25 2026,January 31 2026,INV-030,Distributor Financial Service,"Implemented DistributorFinancialService.ts (205+ lines) for revenue tracking, payment processing, financial reporting, and transaction management.",2,150,300
January 2026 Invoice,January 1-25 2026,January 31 2026,INV-031,Distributor Notification Service,"Created DistributorNotificationService.ts (283+ lines) for sending notifications to distributors, booking alerts, system notifications, and email integration.",3,150,450
January 2026 Invoice,January 1-25 2026,January 31 2026,INV-032,Distributor Contracts Service,"Built ContractService.ts (177+ lines) for contract management, status tracking, expiration handling, and contract queries.",2,150,300
January 2026 Invoice,January 1-25 2026,January 31 2026,INV-033,Distributor Contracts API,"Implemented contract API endpoints (/api/distributor/contracts) with CRUD operations and status management.",1,150,150
January 2026 Invoice,January 1-25 2026,January 31 2026,INV-034,Distributor Promotion Service,"Implemented PromotionService.ts (275+ lines) for managing promotions, discount codes, promotional pricing, and marketing campaigns.",3,150,450
January 2026 Invoice,January 1-25 2026,January 31 2026,INV-035,Distributor Promotions API,"Created promotions API endpoints (/api/distributor/promotions) with CRUD operations and validation.",2,150,300
January 2026 Invoice,January 1-25 2026,January 31 2026,INV-036,Distributor Export Service,"Developed ExportService.ts (243+ lines) for exporting booking data, financial reports, inventory reports, and CSV/Excel generation.",3,150,450
January 2026 Invoice,January 1-25 2026,January 31 2026,INV-037,Distributor Export API,"Implemented export API endpoint (/api/distributor/export) with multiple export formats and filtering options.",2,150,300
January 2026 Invoice,January 1-25 2026,January 31 2026,INV-038,Distributor Statistics API,"Created statistics API endpoint (/api/distributor/statistics) for performance metrics, revenue analytics, and booking statistics.",2,150,300
January 2026 Invoice,January 1-25 2026,January 31 2026,INV-039,Stand Service Implementation,"Built StandService.ts (247+ lines) for stand management, capacity calculations, box assignments, and stand queries.",2,150,300
January 2026 Invoice,January 1-25 2026,January 31 2026,INV-040,Booking Validation Service Enhancements,"Enhanced BookingValidationService.ts with improved date validation, conflict detection, and booking rules enforcement.",2,150,300
January 2026 Invoice,January 1-25 2026,January 31 2026,INV-041,Booking Availability Service Updates,"Updated BookingAvailabilityService.ts with improved availability calculations and conflict resolution.",1,150,150
January 2026 Invoice,January 1-25 2026,January 31 2026,INV-042,Box Score Utils,"Created BoxScoreUtils.ts (85+ lines) for calculating box scores, availability scoring, and optimization algorithms.",1,150,150
January 2026 Invoice,January 1-25 2026,January 31 2026,INV-043,Payment Success Page Updates,"Enhanced payment success page (/app/payment/success/page.tsx) with improved UI, extension payment handling, and success confirmation.",2,150,300
January 2026 Invoice,January 1-25 2026,January 31 2026,INV-044,Payment Processing Route Updates,"Updated payment processing routes (/api/payments/[paymentIntentId]/route.ts) with improved error handling, extension payment support, and transaction logging.",2,150,300
January 2026 Invoice,January 1-25 2026,January 31 2026,INV-045,Guest Bookings Page Enhancements,"Significantly enhanced BookingsPageClient.tsx (846+ lines) with improved booking management, filtering, search functionality, and UI improvements.",4,150,600
January 2026 Invoice,January 1-25 2026,January 31 2026,INV-046,Location Details Component Refactoring,"Refactored LocationDetails.tsx (1,136+ lines reduced) for better performance, improved code organization, and enhanced user experience.",3,150,450
January 2026 Invoice,January 1-25 2026,January 31 2026,INV-047,Booking Details Summary Component,"Created BookingDetailsSummary.tsx (155+ lines) for displaying comprehensive booking information in a structured format.",2,150,300
January 2026 Invoice,January 1-25 2026,January 31 2026,INV-048,Price Breakdown Component,"Developed PriceBreakdown.tsx (95+ lines) for displaying detailed pricing information, fees, and cost calculations.",1,150,150
January 2026 Invoice,January 1-25 2026,January 31 2026,INV-049,Map Component Improvements,"Enhanced googlemap.tsx with improved scrolling, marker management, and location display.",1,150,150
January 2026 Invoice,January 1-25 2026,January 31 2026,INV-050,Booking Status Synchronization,"Implemented booking status sync endpoint (/api/distributor/bookings/sync-statuses) for batch status updates.",1,150,150
January 2026 Invoice,January 1-25 2026,January 31 2026,TOTAL,Total Hours for January 2026,,50,150,7500
SUMMARY,December 12 2025 - January 25 2026,Total Project,GRAND TOTAL,Total Hours for All Invoices,"Total Hours: 170 hours across 2 monthly invoices (December 2025: 120 hours, January 2026: 50 hours)",170,150,25500
